# Phase 3 metrics | method=baseline
# source_dir=data\processed\1024
# baseline_dir=(none)
# images=77 failures=0 seed=20261009 device=cpu
# total_seconds=116.92 mean_seconds_per_image=1.518
method,filename,scene_id,width,height,niqe,brisque,delta_e_mean,delta_e_p95,dL_mean,da_mean,db_mean,baseline_niqe,baseline_brisque,niqe_delta,brisque_delta,load_ok,error
baseline,img_001.jpg,scene_02,1024,770,3.456913,21.105164,,,,,,,,,,yes,
baseline,img_002.jpg,scene_02,1024,770,3.542664,22.678406,,,,,,,,,,yes,
baseline,img_003.jpg,scene_03,1024,770,3.349047,19.624695,,,,,,,,,,yes,
baseline,img_004.jpg,scene_03,1024,770,3.020004,18.506531,,,,,,,,,,yes,
baseline,img_005.jpg,scene_03,1024,770,3.999459,24.890808,,,,,,,,,,yes,
baseline,img_006.jpg,scene_03,1024,770,3.569715,25.648132,,,,,,,,,,yes,
baseline,img_007.jpg,scene_03,1024,770,3.595062,22.678406,,,,,,,,,,yes,
baseline,img_008.jpg,scene_03,1024,770,3.363004,23.812195,,,,,,,,,,yes,
baseline,img_009.jpg,scene_03,1024,770,3.220502,26.708191,,,,,,,,,,yes,
baseline,img_010.jpg,scene_04,1024,770,2.936409,16.795105,,,,,,,,,,yes,
baseline,img_011.jpg,scene_04,1024,770,2.812754,21.506042,,,,,,,,,,yes,
baseline,img_012.jpg,scene_04,1024,770,2.850911,22.098816,,,,,,,,,,yes,
baseline,img_013.jpg,scene_04,1024,770,2.04748,17.843933,,,,,,,,,,yes,
baseline,img_014.jpg,scene_04,1024,770,2.793303,17.84198,,,,,,,,,,yes,
baseline,img_015.jpg,scene_04,1024,770,2.725226,11.940125,,,,,,,,,,yes,
baseline,img_016.jpg,scene_04,1024,770,2.96456,17.401062,,,,,,,,,,yes,
baseline,img_017.jpg,scene_04,1024,770,2.25336,11.586121,,,,,,,,,,yes,
baseline,img_018.jpg,scene_04,1024,770,3.625856,38.027039,,,,,,,,,,yes,
baseline,img_019.jpg,scene_04,1024,770,2.030856,15.538757,,,,,,,,,,yes,
baseline,img_020.jpg,scene_04,1024,770,2.09594,21.183777,,,,,,,,,,yes,
baseline,img_021.jpg,scene_04,1024,770,2.4368,20.435242,,,,,,,,,,yes,
baseline,img_022.jpg,scene_04,1024,770,3.213834,20.082703,,,,,,,,,,yes,
baseline,img_023.jpg,scene_05,1024,770,3.677603,23.878113,,,,,,,,,,yes,
baseline,img_024.jpg,scene_05,1024,770,3.287948,18.097839,,,,,,,,,,yes,
baseline,img_025.jpg,scene_06,1024,770,3.03863,17.190125,,,,,,,,,,yes,
baseline,img_026.jpg,scene_06,1024,770,2.629804,18.221863,,,,,,,,,,yes,
baseline,img_027.jpg,scene_06,1024,770,2.729642,15.916199,,,,,,,,,,yes,
baseline,img_028.jpg,scene_06,1024,770,3.392066,26.284851,,,,,,,,,,yes,
baseline,img_029.jpg,scene_06,1024,770,3.396277,26.239441,,,,,,,,,,yes,
baseline,img_030.jpg,scene_06,1024,770,2.724129,18.141785,,,,,,,,,,yes,
baseline,img_031.jpg,scene_06,1024,770,2.426513,17.061218,,,,,,,,,,yes,
baseline,img_032.jpg,scene_06,1024,770,3.012906,26.163757,,,,,,,,,,yes,
baseline,img_033.jpg,scene_06,1024,770,2.522304,17.31366,,,,,,,,,,yes,
baseline,img_034.jpg,scene_06,1024,770,2.708093,14.457703,,,,,,,,,,yes,
baseline,img_035.jpg,scene_06,1024,770,2.580997,14.569031,,,,,,,,,,yes,
baseline,img_036.jpg,scene_06,1024,770,2.716763,15.056335,,,,,,,,,,yes,
baseline,img_037.jpg,scene_06,1024,770,3.378427,19.130554,,,,,,,,,,yes,
baseline,img_038.jpg,scene_06,1024,770,2.698686,17.864441,,,,,,,,,,yes,
baseline,img_039.jpg,scene_06,1024,770,2.810728,18.370789,,,,,,,,,,yes,
baseline,img_040.jpg,scene_06,1024,770,2.649076,17.822449,,,,,,,,,,yes,
baseline,img_041.jpg,scene_06,1024,770,2.641342,17.524109,,,,,,,,,,yes,
baseline,img_042.jpg,scene_06,1024,770,3.402106,23.042664,,,,,,,,,,yes,
baseline,img_043.jpg,scene_06,1024,770,3.682667,22.621277,,,,,,,,,,yes,
baseline,img_044.jpg,scene_06,1024,770,3.923638,24.749207,,,,,,,,,,yes,
baseline,img_045.jpg,scene_07,770,1024,3.057684,24.003601,,,,,,,,,,yes,
baseline,img_046.jpg,scene_07,1024,770,2.957035,19.733093,,,,,,,,,,yes,
baseline,img_047.jpg,scene_07,1024,770,2.869883,18.039246,,,,,,,,,,yes,
baseline,img_048.jpg,scene_07,1024,770,3.170914,20.930359,,,,,,,,,,yes,
baseline,img_049.jpg,scene_07,1024,770,2.945803,19.602722,,,,,,,,,,yes,
baseline,img_050.jpg,scene_07,1024,770,2.890413,13.328308,,,,,,,,,,yes,
baseline,img_051.jpg,scene_07,1024,770,3.652645,21.315613,,,,,,,,,,yes,
baseline,img_052.jpg,scene_07,1024,770,3.32824,18.317566,,,,,,,,,,yes,
baseline,img_053.jpg,scene_07,1024,770,3.572805,22.550476,,,,,,,,,,yes,
baseline,img_054.jpg,scene_07,1024,770,3.45676,22.599304,,,,,,,,,,yes,
baseline,img_055.jpg,scene_07,1024,770,3.33325,19.354675,,,,,,,,,,yes,
baseline,img_056.jpg,scene_07,1024,770,2.774353,18.576355,,,,,,,,,,yes,
baseline,img_057.jpg,scene_07,1024,770,3.108361,22.230652,,,,,,,,,,yes,
baseline,img_058.jpg,scene_07,1024,770,2.382763,15.70282,,,,,,,,,,yes,
baseline,img_059.jpg,scene_07,1024,770,3.634366,28.350281,,,,,,,,,,yes,
baseline,img_060.jpg,scene_07,1024,770,3.213167,18.076843,,,,,,,,,,yes,
baseline,img_061.jpg,scene_07,1024,770,3.50032,22.448914,,,,,,,,,,yes,
baseline,img_062.jpg,scene_07,1024,770,3.668862,23.155945,,,,,,,,,,yes,
baseline,img_063.jpg,scene_07,1024,770,3.214558,19.816101,,,,,,,,,,yes,
baseline,img_064.jpg,scene_07,1024,770,2.940367,16.729675,,,,,,,,,,yes,
baseline,img_065.jpg,scene_07,1024,770,2.787019,13.226257,,,,,,,,,,yes,
baseline,img_066.jpg,scene_07,1024,770,2.722859,12.64032,,,,,,,,,,yes,
baseline,img_067.jpg,scene_07,1024,770,2.40198,13.002625,,,,,,,,,,yes,
baseline,img_068.jpg,scene_08,1024,770,3.029067,17.961609,,,,,,,,,,yes,
baseline,img_069.jpg,scene_08,1024,770,3.099592,20.650085,,,,,,,,,,yes,
baseline,img_070.jpg,scene_08,1024,770,2.781715,15.599304,,,,,,,,,,yes,
baseline,img_071.jpg,scene_08,1024,770,2.606054,30.98407,,,,,,,,,,yes,
baseline,img_072.jpg,scene_09,1024,770,3.293368,18.412292,,,,,,,,,,yes,
baseline,img_073.jpg,scene_01,770,1024,2.03118,4.972351,,,,,,,,,,yes,
baseline,img_074.jpg,scene_01,770,1024,2.107348,7.006531,,,,,,,,,,yes,
baseline,img_075.jpg,scene_01,770,1024,2.20246,4.792664,,,,,,,,,,yes,
baseline,img_076.jpg,scene_02,1024,770,3.310769,19.377136,,,,,,,,,,yes,
baseline,img_077.jpg,scene_02,1024,770,3.414261,16.913757,,,,,,,,,,yes,
