# Phase 3 metrics | method=raw_reference
# source_dir=data\raw
# baseline_dir=(none)
# images=77 failures=0 seed=20261009 device=cpu
# total_seconds=9217.99 mean_seconds_per_image=119.714
# WARNING: full-resolution reference set. NIQE/BRISQUE are scale-dependent; these rows are NOT comparable with 1024px method rows.
method,filename,scene_id,width,height,niqe,brisque,delta_e_mean,delta_e_p95,dL_mean,da_mean,db_mean,baseline_niqe,baseline_brisque,niqe_delta,brisque_delta,load_ok,error
raw_reference,img_001.jpg,scene_02,4000,3008,3.049565,25.769714,,,,,,3.456913,21.105164,-0.407348,4.66455,yes,
raw_reference,img_002.jpg,scene_02,4000,3008,2.874861,27.84198,,,,,,3.542664,22.678406,-0.667803,5.163574,yes,
raw_reference,img_003.jpg,scene_03,4000,3008,2.60211,16.366394,,,,,,3.349047,19.624695,-0.746937,-3.258301,yes,
raw_reference,img_004.jpg,scene_03,4000,3008,2.419655,13.786804,,,,,,3.020004,18.506531,-0.600349,-4.719727,yes,
raw_reference,img_005.jpg,scene_03,4000,3008,2.369549,10.582703,,,,,,3.999459,24.890808,-1.62991,-14.308105,yes,
raw_reference,img_006.jpg,scene_03,4000,3008,2.408026,12.362,,,,,,3.569715,25.648132,-1.161689,-13.286132,yes,
raw_reference,img_007.jpg,scene_03,4000,3008,2.866379,12.894714,,,,,,3.595062,22.678406,-0.728683,-9.783692,yes,
raw_reference,img_008.jpg,scene_03,4000,3008,2.236021,14.440125,,,,,,3.363004,23.812195,-1.126983,-9.37207,yes,
raw_reference,img_009.jpg,scene_03,4000,3008,2.386036,9.37323,,,,,,3.220502,26.708191,-0.834466,-17.334961,yes,
raw_reference,img_010.jpg,scene_04,4000,3008,2.817013,-7.101624,,,,,,2.936409,16.795105,-0.119396,-23.896729,yes,
raw_reference,img_011.jpg,scene_04,4000,3008,2.549058,17.637878,,,,,,2.812754,21.506042,-0.263696,-3.868164,yes,
raw_reference,img_012.jpg,scene_04,4000,3008,2.402144,19.04071,,,,,,2.850911,22.098816,-0.448767,-3.058106,yes,
raw_reference,img_013.jpg,scene_04,4000,3008,3.252661,9.82196,,,,,,2.04748,17.843933,1.205181,-8.021973,yes,
raw_reference,img_014.jpg,scene_04,4000,3008,2.520926,22.713074,,,,,,2.793303,17.84198,-0.272377,4.871094,yes,
raw_reference,img_015.jpg,scene_04,4000,3008,3.487072,10.681824,,,,,,2.725226,11.940125,0.761846,-1.258301,yes,
raw_reference,img_016.jpg,scene_04,4000,3008,2.616893,12.991394,,,,,,2.96456,17.401062,-0.347667,-4.409668,yes,
raw_reference,img_017.jpg,scene_04,4000,3008,2.458547,-2.513733,,,,,,2.25336,11.586121,0.205187,-14.099854,yes,
raw_reference,img_018.jpg,scene_04,4000,3008,3.381151,-18.44812,,,,,,3.625856,38.027039,-0.244705,-56.475159,yes,
raw_reference,img_019.jpg,scene_04,4000,3008,3.73773,7.568054,,,,,,2.030856,15.538757,1.706874,-7.970703,yes,
raw_reference,img_020.jpg,scene_04,4000,3008,2.590135,-4.346008,,,,,,2.09594,21.183777,0.494195,-25.529785,yes,
raw_reference,img_021.jpg,scene_04,4000,3008,2.975411,22.239929,,,,,,2.4368,20.435242,0.538611,1.804687,yes,
raw_reference,img_022.jpg,scene_04,4000,3008,2.780893,18.47821,,,,,,3.213834,20.082703,-0.432941,-1.604493,yes,
raw_reference,img_023.jpg,scene_05,4000,3008,2.516715,22.028015,,,,,,3.677603,23.878113,-1.160888,-1.850098,yes,
raw_reference,img_024.jpg,scene_05,4000,3008,5.159735,43.329773,,,,,,3.287948,18.097839,1.871787,25.231934,yes,
raw_reference,img_025.jpg,scene_06,4000,3008,2.316976,20.522156,,,,,,3.03863,17.190125,-0.721654,3.332031,yes,
raw_reference,img_026.jpg,scene_06,4000,3008,2.772845,22.490417,,,,,,2.629804,18.221863,0.143041,4.268554,yes,
raw_reference,img_027.jpg,scene_06,4000,3008,2.224671,16.924011,,,,,,2.729642,15.916199,-0.504971,1.007812,yes,
raw_reference,img_028.jpg,scene_06,4000,3008,1.964405,11.752625,,,,,,3.392066,26.284851,-1.427661,-14.532226,yes,
raw_reference,img_029.jpg,scene_06,4000,3008,2.097974,8.923035,,,,,,3.396277,26.239441,-1.298303,-17.316406,yes,
raw_reference,img_030.jpg,scene_06,4000,3008,2.70842,19.707703,,,,,,2.724129,18.141785,-0.015709,1.565918,yes,
raw_reference,img_031.jpg,scene_06,4000,3008,3.360249,28.345398,,,,,,2.426513,17.061218,0.933736,11.28418,yes,
raw_reference,img_032.jpg,scene_06,4000,3008,2.180061,14.34198,,,,,,3.012906,26.163757,-0.832845,-11.821777,yes,
raw_reference,img_033.jpg,scene_06,4000,3008,2.333236,8.144958,,,,,,2.522304,17.31366,-0.189068,-9.168702,yes,
raw_reference,img_034.jpg,scene_06,4000,3008,2.911382,20.597839,,,,,,2.708093,14.457703,0.203289,6.140136,yes,
raw_reference,img_035.jpg,scene_06,4000,3008,2.927464,19.657898,,,,,,2.580997,14.569031,0.346467,5.088867,yes,
raw_reference,img_036.jpg,scene_06,4000,3008,2.883506,23.497742,,,,,,2.716763,15.056335,0.166743,8.441407,yes,
raw_reference,img_037.jpg,scene_06,4000,3008,2.745618,24.153015,,,,,,3.378427,19.130554,-0.632809,5.022461,yes,
raw_reference,img_038.jpg,scene_06,4000,3008,2.766697,21.215515,,,,,,2.698686,17.864441,0.068011,3.351074,yes,
raw_reference,img_039.jpg,scene_06,4000,3008,2.753529,21.896179,,,,,,2.810728,18.370789,-0.057199,3.52539,yes,
raw_reference,img_040.jpg,scene_06,4000,3008,2.971085,20.741882,,,,,,2.649076,17.822449,0.322009,2.919433,yes,
raw_reference,img_041.jpg,scene_06,4000,3008,2.83816,20.349304,,,,,,2.641342,17.524109,0.196818,2.825195,yes,
raw_reference,img_042.jpg,scene_06,4000,3008,2.378595,19.431824,,,,,,3.402106,23.042664,-1.023511,-3.61084,yes,
raw_reference,img_043.jpg,scene_06,4000,3008,2.686425,26.800476,,,,,,3.682667,22.621277,-0.996242,4.179199,yes,
raw_reference,img_044.jpg,scene_06,4000,3008,2.414736,18.783875,,,,,,3.923638,24.749207,-1.508902,-5.965332,yes,
raw_reference,img_045.jpg,scene_07,3008,4000,3.12434,25.758972,,,,,,3.057684,24.003601,0.066656,1.755371,yes,
raw_reference,img_046.jpg,scene_07,4000,3008,2.675078,23.269226,,,,,,2.957035,19.733093,-0.281957,3.536133,yes,
raw_reference,img_047.jpg,scene_07,4000,3008,2.763511,21.712585,,,,,,2.869883,18.039246,-0.106372,3.673339,yes,
raw_reference,img_048.jpg,scene_07,4000,3008,3.3246,29.921082,,,,,,3.170914,20.930359,0.153686,8.990723,yes,
raw_reference,img_049.jpg,scene_07,4000,3008,2.715469,21.758484,,,,,,2.945803,19.602722,-0.230334,2.155762,yes,
raw_reference,img_050.jpg,scene_07,4000,3008,3.957489,27.891785,,,,,,2.890413,13.328308,1.067076,14.563477,yes,
raw_reference,img_051.jpg,scene_07,4000,3008,2.95356,22.628113,,,,,,3.652645,21.315613,-0.699085,1.3125,yes,
raw_reference,img_052.jpg,scene_07,4000,3008,2.91804,20.531921,,,,,,3.32824,18.317566,-0.4102,2.214355,yes,
raw_reference,img_053.jpg,scene_07,4000,3008,2.305605,11.786804,,,,,,3.572805,22.550476,-1.2672,-10.763672,yes,
raw_reference,img_054.jpg,scene_07,4000,3008,2.343372,11.197937,,,,,,3.45676,22.599304,-1.113388,-11.401367,yes,
raw_reference,img_055.jpg,scene_07,4000,3008,2.722788,23.116882,,,,,,3.33325,19.354675,-0.610462,3.762207,yes,
raw_reference,img_056.jpg,scene_07,4000,3008,3.029848,20.648132,,,,,,2.774353,18.576355,0.255495,2.071777,yes,
raw_reference,img_057.jpg,scene_07,4000,3008,2.469799,15.500183,,,,,,3.108361,22.230652,-0.638562,-6.730469,yes,
raw_reference,img_058.jpg,scene_07,4000,3008,3.130189,23.291687,,,,,,2.382763,15.70282,0.747426,7.588867,yes,
raw_reference,img_059.jpg,scene_07,4000,3008,3.169656,17.927917,,,,,,3.634366,28.350281,-0.46471,-10.422364,yes,
raw_reference,img_060.jpg,scene_07,4000,3008,2.210888,7.728699,,,,,,3.213167,18.076843,-1.002279,-10.348144,yes,
raw_reference,img_061.jpg,scene_07,4000,3008,2.337808,13.546082,,,,,,3.50032,22.448914,-1.162512,-8.902832,yes,
raw_reference,img_062.jpg,scene_07,4000,3008,2.353655,13.450378,,,,,,3.668862,23.155945,-1.315207,-9.705567,yes,
raw_reference,img_063.jpg,scene_07,4000,3008,2.284453,10.316589,,,,,,3.214558,19.816101,-0.930105,-9.499512,yes,
raw_reference,img_064.jpg,scene_07,4000,3008,4.363244,39.944031,,,,,,2.940367,16.729675,1.422877,23.214356,yes,
raw_reference,img_065.jpg,scene_07,4000,3008,2.352851,13.766296,,,,,,2.787019,13.226257,-0.434168,0.540039,yes,
raw_reference,img_066.jpg,scene_07,4000,3008,2.376942,14.289246,,,,,,2.722859,12.64032,-0.345917,1.648926,yes,
raw_reference,img_067.jpg,scene_07,4000,3008,3.717396,23.440857,,,,,,2.40198,13.002625,1.315416,10.438232,yes,
raw_reference,img_068.jpg,scene_08,4000,3008,2.459744,11.101501,,,,,,3.029067,17.961609,-0.569323,-6.860108,yes,
raw_reference,img_069.jpg,scene_08,4000,3008,2.973891,22.720703,,,,,,3.099592,20.650085,-0.125701,2.070618,yes,
raw_reference,img_070.jpg,scene_08,4000,3008,3.358701,17.753662,,,,,,2.781715,15.599304,0.576986,2.154358,yes,
raw_reference,img_071.jpg,scene_08,4000,3008,3.902573,7.764343,,,,,,2.606054,30.98407,1.296519,-23.219727,yes,
raw_reference,img_072.jpg,scene_09,4000,3008,2.963268,23.428894,,,,,,3.293368,18.412292,-0.3301,5.016602,yes,
raw_reference,img_073.jpg,scene_01,3008,4000,2.987288,21.754822,,,,,,2.03118,4.972351,0.956108,16.782471,yes,
raw_reference,img_074.jpg,scene_01,3008,4000,2.773024,17.895203,,,,,,2.107348,7.006531,0.665676,10.888672,yes,
raw_reference,img_075.jpg,scene_01,3008,4000,2.761201,4.219421,,,,,,2.20246,4.792664,0.558741,-0.573243,yes,
raw_reference,img_076.jpg,scene_02,4000,3008,2.961097,23.821472,,,,,,3.310769,19.377136,-0.349672,4.444336,yes,
raw_reference,img_077.jpg,scene_02,4000,3008,3.56324,25.111511,,,,,,3.414261,16.913757,0.148979,8.197754,yes,
