filename,date,time,time_of_day,gps_latitude,gps_longitude,location_name,phone_model,orientation_applied,original_width,original_height,output_width,output_height,distance_m,scale_reference_present,notes
img_001.jpg,2026-08-08,14:13:52,afternoon,,,,OnePlus 9 Pro 5G,1,4000,3008,1024,770,,,
img_002.jpg,2026-08-08,14:13:54,afternoon,,,,OnePlus 9 Pro 5G,1,4000,3008,1024,770,,,
img_003.jpg,2026-09-09,14:36:02,afternoon,,,,OnePlus 9 Pro 5G,1,4000,3008,1024,770,,,
img_004.jpg,2026-09-09,14:36:04,afternoon,,,,OnePlus 9 Pro 5G,1,4000,3008,1024,770,,,
img_005.jpg,2026-09-09,14:36:10,afternoon,,,,OnePlus 9 Pro 5G,1,4000,3008,1024,770,,,
img_006.jpg,2026-09-09,14:36:17,afternoon,,,,OnePlus 9 Pro 5G,1,4000,3008,1024,770,,,
img_007.jpg,2026-09-09,14:36:19,afternoon,,,,OnePlus 9 Pro 5G,1,4000,3008,1024,770,,,
img_008.jpg,2026-09-09,14:36:20,afternoon,,,,OnePlus 9 Pro 5G,1,4000,3008,1024,770,,,
img_009.jpg,2026-09-09,14:36:24,afternoon,,,,OnePlus 9 Pro 5G,1,4000,3008,1024,770,,,
img_010.jpg,2026-09-09,14:37:12,afternoon,,,,OnePlus 9 Pro 5G,1,4000,3008,1024,770,,,
img_011.jpg,2026-09-09,14:37:13,afternoon,,,,OnePlus 9 Pro 5G,1,4000,3008,1024,770,,,
img_012.jpg,2026-09-09,14:37:19,afternoon,,,,OnePlus 9 Pro 5G,1,4000,3008,1024,770,,,
img_013.jpg,2026-09-09,14:37:21,afternoon,,,,OnePlus 9 Pro 5G,1,4000,3008,1024,770,,,
img_014.jpg,2026-09-09,14:37:24,afternoon,,,,OnePlus 9 Pro 5G,1,4000,3008,1024,770,,,
img_015.jpg,2026-09-09,14:37:26,afternoon,,,,OnePlus 9 Pro 5G,1,4000,3008,1024,770,,,
img_016.jpg,2026-09-09,14:37:28,afternoon,,,,OnePlus 9 Pro 5G,1,4000,3008,1024,770,,,
img_017.jpg,2026-09-09,14:37:33,afternoon,,,,OnePlus 9 Pro 5G,1,4000,3008,1024,770,,,
img_018.jpg,2026-09-09,14:37:36,afternoon,,,,OnePlus 9 Pro 5G,1,4000,3008,1024,770,,,
img_019.jpg,2026-09-09,14:37:37,afternoon,,,,OnePlus 9 Pro 5G,1,4000,3008,1024,770,,,
img_020.jpg,2026-09-09,14:37:39,afternoon,,,,OnePlus 9 Pro 5G,1,4000,3008,1024,770,,,
img_021.jpg,2026-09-09,14:37:41,afternoon,,,,OnePlus 9 Pro 5G,1,4000,3008,1024,770,,,
img_022.jpg,2026-09-09,14:37:45,afternoon,,,,OnePlus 9 Pro 5G,1,4000,3008,1024,770,,,
img_023.jpg,2026-09-16,14:25:53,afternoon,,,,OnePlus 9 Pro 5G,1,4000,3008,1024,770,,,
img_024.jpg,2026-09-16,14:26:10,afternoon,,,,OnePlus 9 Pro 5G,1,4000,3008,1024,770,,,
img_025.jpg,2026-09-16,14:56:23,afternoon,,,,OnePlus 9 Pro 5G,1,4000,3008,1024,770,,,
img_026.jpg,2026-09-16,14:56:31,afternoon,,,,OnePlus 9 Pro 5G,1,4000,3008,1024,770,,,
img_027.jpg,2026-09-16,14:56:33,afternoon,,,,OnePlus 9 Pro 5G,1,4000,3008,1024,770,,,
img_028.jpg,2026-09-16,14:56:42,afternoon,,,,OnePlus 9 Pro 5G,1,4000,3008,1024,770,,,
img_029.jpg,2026-09-16,14:56:46,afternoon,,,,OnePlus 9 Pro 5G,1,4000,3008,1024,770,,,
img_030.jpg,2026-09-16,14:56:55,afternoon,,,,OnePlus 9 Pro 5G,1,4000,3008,1024,770,,,
img_031.jpg,2026-09-16,14:56:56,afternoon,,,,OnePlus 9 Pro 5G,1,4000,3008,1024,770,,,
img_032.jpg,2026-09-16,14:56:59,afternoon,,,,OnePlus 9 Pro 5G,1,4000,3008,1024,770,,,
img_033.jpg,2026-09-16,14:57:08,afternoon,,,,OnePlus 9 Pro 5G,1,4000,3008,1024,770,,,
img_034.jpg,2026-09-16,14:57:10,afternoon,,,,OnePlus 9 Pro 5G,1,4000,3008,1024,770,,,
img_035.jpg,2026-09-16,14:57:12,afternoon,,,,OnePlus 9 Pro 5G,1,4000,3008,1024,770,,,
img_036.jpg,2026-09-16,14:57:17,afternoon,,,,OnePlus 9 Pro 5G,1,4000,3008,1024,770,,,
img_037.jpg,2026-09-16,14:57:25,afternoon,,,,OnePlus 9 Pro 5G,1,4000,3008,1024,770,,,
img_038.jpg,2026-09-16,14:57:27,afternoon,,,,OnePlus 9 Pro 5G,1,4000,3008,1024,770,,,
img_039.jpg,2026-09-16,14:57:29,afternoon,,,,OnePlus 9 Pro 5G,1,4000,3008,1024,770,,,
img_040.jpg,2026-09-16,14:57:32,afternoon,,,,OnePlus 9 Pro 5G,1,4000,3008,1024,770,,,
img_041.jpg,2026-09-16,14:57:33,afternoon,,,,OnePlus 9 Pro 5G,1,4000,3008,1024,770,,,
img_042.jpg,2026-09-16,14:57:49,afternoon,,,,OnePlus 9 Pro 5G,1,4000,3008,1024,770,,,
img_043.jpg,2026-09-16,14:57:53,afternoon,,,,OnePlus 9 Pro 5G,1,4000,3008,1024,770,,,
img_044.jpg,2026-09-16,14:57:54,afternoon,,,,OnePlus 9 Pro 5G,1,4000,3008,1024,770,,,
img_045.jpg,2026-09-16,14:58:35,afternoon,,,,OnePlus 9 Pro 5G,1,3008,4000,770,1024,,,
img_046.jpg,2026-09-16,14:58:42,afternoon,,,,OnePlus 9 Pro 5G,1,4000,3008,1024,770,,,
img_047.jpg,2026-09-16,14:58:43,afternoon,,,,OnePlus 9 Pro 5G,1,4000,3008,1024,770,,,
img_048.jpg,2026-09-16,14:58:48,afternoon,,,,OnePlus 9 Pro 5G,1,4000,3008,1024,770,,,
img_049.jpg,2026-09-16,14:58:55,afternoon,,,,OnePlus 9 Pro 5G,1,4000,3008,1024,770,,,
img_050.jpg,2026-09-16,14:58:59,afternoon,,,,OnePlus 9 Pro 5G,1,4000,3008,1024,770,,,
img_051.jpg,2026-09-16,14:59:01,afternoon,,,,OnePlus 9 Pro 5G,1,4000,3008,1024,770,,,
img_052.jpg,2026-09-16,14:59:04,afternoon,,,,OnePlus 9 Pro 5G,1,4000,3008,1024,770,,,
img_053.jpg,2026-09-16,14:59:11,afternoon,,,,OnePlus 9 Pro 5G,1,4000,3008,1024,770,,,
img_054.jpg,2026-09-16,14:59:23,afternoon,,,,OnePlus 9 Pro 5G,1,4000,3008,1024,770,,,
img_055.jpg,2026-09-16,14:59:27,afternoon,,,,OnePlus 9 Pro 5G,1,4000,3008,1024,770,,,
img_056.jpg,2026-09-16,14:59:29,afternoon,,,,OnePlus 9 Pro 5G,1,4000,3008,1024,770,,,
img_057.jpg,2026-09-16,14:59:52,afternoon,,,,OnePlus 9 Pro 5G,1,4000,3008,1024,770,,,
img_058.jpg,2026-09-16,14:59:55,afternoon,,,,OnePlus 9 Pro 5G,1,4000,3008,1024,770,,,
img_059.jpg,2026-09-16,14:59:57,afternoon,,,,OnePlus 9 Pro 5G,1,4000,3008,1024,770,,,
img_060.jpg,2026-09-16,15:00:03,afternoon,,,,OnePlus 9 Pro 5G,1,4000,3008,1024,770,,,
img_061.jpg,2026-09-16,15:00:08,afternoon,,,,OnePlus 9 Pro 5G,1,4000,3008,1024,770,,,
img_062.jpg,2026-09-16,15:00:11,afternoon,,,,OnePlus 9 Pro 5G,1,4000,3008,1024,770,,,
img_063.jpg,2026-09-16,15:00:16,afternoon,,,,OnePlus 9 Pro 5G,1,4000,3008,1024,770,,,
img_064.jpg,2026-09-16,15:00:34,afternoon,,,,OnePlus 9 Pro 5G,1,4000,3008,1024,770,,,
img_065.jpg,2026-09-16,15:00:40,afternoon,,,,OnePlus 9 Pro 5G,1,4000,3008,1024,770,,,
img_066.jpg,2026-09-16,15:00:42,afternoon,,,,OnePlus 9 Pro 5G,1,4000,3008,1024,770,,,
img_067.jpg,2026-09-16,15:00:47,afternoon,,,,OnePlus 9 Pro 5G,1,4000,3008,1024,770,,,
img_068.jpg,2026-09-16,15:02:06,afternoon,,,,OnePlus 9 Pro 5G,1,4000,3008,1024,770,,,
img_069.jpg,2026-09-16,15:02:08,afternoon,,,,OnePlus 9 Pro 5G,1,4000,3008,1024,770,,,
img_070.jpg,2026-09-16,15:02:10,afternoon,,,,OnePlus 9 Pro 5G,1,4000,3008,1024,770,,,
img_071.jpg,2026-09-16,15:02:13,afternoon,,,,OnePlus 9 Pro 5G,1,4000,3008,1024,770,,,
img_072.jpg,2026-09-16,15:04:06,afternoon,,,,OnePlus 9 Pro 5G,1,4000,3008,1024,770,,,
img_073.jpg,2026-08-07,17:32:49,evening,,,,OnePlus 9 Pro 5G,1,3008,4000,770,1024,,,
img_074.jpg,2026-08-07,17:32:51,evening,,,,OnePlus 9 Pro 5G,1,3008,4000,770,1024,,,
img_075.jpg,2026-08-07,17:32:57,evening,,,,OnePlus 9 Pro 5G,1,3008,4000,770,1024,,,
img_076.jpg,2026-08-08,14:13:42,afternoon,,,,OnePlus 9 Pro 5G,1,4000,3008,1024,770,,,
img_077.jpg,2026-08-08,14:13:44,afternoon,,,,OnePlus 9 Pro 5G,1,4000,3008,1024,770,,,
