old_name,new_name
IMG20260808141352.jpg,img_001.jpg
IMG20260808141354.jpg,img_002.jpg
IMG20260909143602.jpg,img_003.jpg
IMG20260909143604.jpg,img_004.jpg
IMG20260909143610.jpg,img_005.jpg
IMG20260909143617.jpg,img_006.jpg
IMG20260909143619.jpg,img_007.jpg
IMG20260909143620.jpg,img_008.jpg
IMG20260909143624.jpg,img_009.jpg
IMG20260909143712.jpg,img_010.jpg
IMG20260909143713.jpg,img_011.jpg
IMG20260909143719.jpg,img_012.jpg
IMG20260909143721.jpg,img_013.jpg
IMG20260909143724.jpg,img_014.jpg
IMG20260909143726.jpg,img_015.jpg
IMG20260909143728.jpg,img_016.jpg
IMG20260909143733.jpg,img_017.jpg
IMG20260909143736.jpg,img_018.jpg
IMG20260909143737.jpg,img_019.jpg
IMG20260909143739.jpg,img_020.jpg
IMG20260909143741.jpg,img_021.jpg
IMG20260909143745.jpg,img_022.jpg
IMG20260916142553.jpg,img_023.jpg
IMG20260916142610.jpg,img_024.jpg
IMG20260916145623.jpg,img_025.jpg
IMG20260916145631.jpg,img_026.jpg
IMG20260916145633.jpg,img_027.jpg
IMG20260916145642.jpg,img_028.jpg
IMG20260916145646.jpg,img_029.jpg
IMG20260916145655.jpg,img_030.jpg
IMG20260916145656.jpg,img_031.jpg
IMG20260916145659.jpg,img_032.jpg
IMG20260916145708.jpg,img_033.jpg
IMG20260916145710.jpg,img_034.jpg
IMG20260916145712.jpg,img_035.jpg
IMG20260916145717.jpg,img_036.jpg
IMG20260916145725.jpg,img_037.jpg
IMG20260916145727.jpg,img_038.jpg
IMG20260916145729.jpg,img_039.jpg
IMG20260916145732.jpg,img_040.jpg
IMG20260916145733.jpg,img_041.jpg
IMG20260916145749.jpg,img_042.jpg
IMG20260916145753.jpg,img_043.jpg
IMG20260916145754.jpg,img_044.jpg
IMG20260916145835.jpg,img_045.jpg
IMG20260916145842.jpg,img_046.jpg
IMG20260916145843.jpg,img_047.jpg
IMG20260916145848.jpg,img_048.jpg
IMG20260916145855.jpg,img_049.jpg
IMG20260916145859.jpg,img_050.jpg
IMG20260916145901.jpg,img_051.jpg
IMG20260916145904.jpg,img_052.jpg
IMG20260916145911.jpg,img_053.jpg
IMG20260916145923.jpg,img_054.jpg
IMG20260916145927.jpg,img_055.jpg
IMG20260916145929.jpg,img_056.jpg
IMG20260916145952.jpg,img_057.jpg
IMG20260916145955.jpg,img_058.jpg
IMG20260916145957.jpg,img_059.jpg
IMG20260916150003.jpg,img_060.jpg
IMG20260916150008.jpg,img_061.jpg
IMG20260916150011.jpg,img_062.jpg
IMG20260916150016.jpg,img_063.jpg
IMG20260916150034.jpg,img_064.jpg
IMG20260916150040.jpg,img_065.jpg
IMG20260916150042.jpg,img_066.jpg
IMG20260916150047.jpg,img_067.jpg
IMG20260916150206.jpg,img_068.jpg
IMG20260916150208.jpg,img_069.jpg
IMG20260916150210.jpg,img_070.jpg
IMG20260916150213.jpg,img_071.jpg
IMG20260916150406.jpg,img_072.jpg
img_001.jpg,img_073.jpg
img_002.jpg,img_074.jpg
img_003.jpg,img_075.jpg
img_004.jpg,img_076.jpg
img_005.jpg,img_077.jpg
